excess_risk,mean_excess_return,marg_of_err
12.510515295414214,4.140843581378,2.7339992800882835
