excess_risk,mean_excess_return,marg_of_err
12.443600920919158,9.041754308095555,2.16018449725602
