excess_risk,mean_excess_return,marg_of_err
7.69881974148552,6.422976345057888,4.274284680778317
