excess_risk,mean_excess_return,marg_of_err
13.516586984337723,11.271206660423733,1.8313827684422932
22.806812784315106,19.22746480730513,0.15718019420739773
