excess_risk,mean_excess_return,marg_of_err
6.100336223537734,6.650118836556599,1.9103724815113878
16.246260575439024,16.881204809283243,3.9783680502947134
