excess_risk,mean_excess_return,marg_of_err
12.900107576820847,10.112083511973399,1.7466459900835085
19.63921546324066,18.873667936503516,0.9231650977489901
