excess_risk,mean_excess_return,marg_of_err
12.304116800929776,8.561616955209075,2.2934640457111715
