excess_risk,mean_excess_return,marg_of_err
3.565066159079914,1.3112045534676111,0.8923466585188037
11.069800620810383,10.41268298498208,1.3691079671878703
18.712566729932803,19.029066722114834,17.64822094688743
