excess_risk,mean_excess_return,marg_of_err
16.11309521303732,-11.19190077777409,4.78328746867837
