excess_risk,mean_excess_return,marg_of_err
15.358965635250978,-7.467702418261902,4.964016201663712
