excess_risk,mean_excess_return,marg_of_err
16.152800400164292,-6.992924199251056,5.00706433795522
