excess_risk,mean_excess_return,marg_of_err
13.070607289286515,4.4438332124858375,3.7652854843723693
