excess_risk,mean_excess_return,marg_of_err
13.509575536476312,4.487988302453699,2.88451351924332
