excess_risk,mean_excess_return,marg_of_err
13.395626169331226,-10.24129036541327,2.8495825110401922
