excess_risk,mean_excess_return,marg_of_err
9.912018434110717,1.0689119427754035,2.141587300862087
20.814848862483807,13.064512672662119,2.7231225141181827
