excess_risk,mean_excess_return,marg_of_err
8.593357826130307,8.03184595718905,2.154881841306593
17.370720017999076,17.502932238196735,0.49498612114982254
