excess_risk,mean_excess_return,marg_of_err
16.979205878782416,16.606849315578415,1.0522652295211545
