excess_risk,mean_excess_return,marg_of_err
9.37328001967571,10.659985367482605,3.3846364437433825
