excess_risk,mean_excess_return,marg_of_err
17.510439938430352,11.20399014656274,5.953983342512406
