excess_risk,mean_excess_return,marg_of_err
16.932706828644704,16.983775024260492,0.904221629469978
17.926799083421148,19.170037286093578,0.5173548410500634
