excess_risk,mean_excess_return,marg_of_err
17.01301062230135,17.250721660225413,1.131356669573342
