excess_risk,mean_excess_return,marg_of_err
7.101493952868017,7.2247712159407005,1.9134116470884919
16.25969355901112,17.229737779868543,0.8485636367114858
